designation,nominal_mm,pitch_mm,series
M0.25x0.075,0.25,0.075,unlabelled
M0.3x0.08,0.3,0.08,unlabelled
M0.3x0.09,0.3,0.09,unlabelled
M0.35x0.09,0.35,0.09,unlabelled
M0.4x0.1,0.4,0.1,unlabelled
M0.45x0.1,0.45,0.1,unlabelled
M0.5x0.125,0.5,0.125,unlabelled
M0.55x0.125,0.55,0.125,unlabelled
M0.6x0.15,0.6,0.15,unlabelled
M0.7x0.175,0.7,0.175,unlabelled
M0.8x0.2,0.8,0.2,unlabelled
M0.9x0.225,0.9,0.225,unlabelled
M1,1,0.25,coarse
M1x0.25,1,0.25,coarse
M1x0.2,1,0.2,fine
M1.1x0.25,1.1,0.25,unlabelled
M1.1x0.2,1.1,0.2,unlabelled
M1.2,1.2,0.25,coarse
M1.2x0.25,1.2,0.25,coarse
M1.2x0.2,1.2,0.2,fine
M1.4,1.4,0.3,coarse
M1.4x0.3,1.4,0.3,coarse
M1.4x0.2,1.4,0.2,fine
M1.6,1.6,0.35,coarse
M1.6x0.35,1.6,0.35,coarse
M1.6x0.3,1.6,0.3,fine
M1.6x0.2,1.6,0.2,fine
M1.7x0.35,1.7,0.35,unlabelled
M1.8,1.8,0.35,coarse
M1.8x0.35,1.8,0.35,coarse
M1.8x0.2,1.8,0.2,fine
M2,2,0.4,coarse
M2x0.4,2,0.4,coarse
M2x0.25,2,0.25,fine
M2.2,2.2,0.45,coarse
M2.2x0.45,2.2,0.45,coarse
M2.2x0.25,2.2,0.25,fine
M2.3x0.45,2.3,0.45,unlabelled
M2.3x0.4,2.3,0.4,unlabelled
M2.5,2.5,0.45,coarse
M2.5x0.45,2.5,0.45,coarse
M2.5x0.35,2.5,0.35,fine
M2.6x0.45,2.6,0.45,unlabelled
M3,3,0.5,coarse
M3x0.5,3,0.5,coarse
M3x0.35,3,0.35,fine
M3.5,3.5,0.6,coarse
M3.5x0.6,3.5,0.6,coarse
M3.5x0.35,3.5,0.35,fine
M4,4,0.7,coarse
M4x0.7,4,0.7,coarse
M4x0.5,4,0.5,fine
M4.5x0.75,4.5,0.75,unlabelled
M4.5x0.5,4.5,0.5,unlabelled
M5,5,0.8,coarse
M5x0.8,5,0.8,coarse
M5x0.5,5,0.5,fine
M5.5x0.5,5.5,0.5,unlabelled
M6,6,1,coarse
M6x1,6,1,coarse
M6x0.8,6,0.8,fine
M6x0.75,6,0.75,fine
M6x0.7,6,0.7,fine
M6x0.5,6,0.5,fine
M7,7,1,coarse
M7x1,7,1,coarse
M7x0.75,7,0.75,fine
M7x0.5,7,0.5,fine
M8,8,1.25,coarse
M8x1.25,8,1.25,coarse
M8x1,8,1,fine
M8x0.8,8,0.8,fine
M8x0.75,8,0.75,fine
M8x0.5,8,0.5,fine
M9x1.25,9,1.25,unlabelled
M9x1,9,1,unlabelled
M9x0.75,9,0.75,unlabelled
M9x0.5,9,0.5,unlabelled
M10,10,1.5,coarse
M10x1.5,10,1.5,coarse
M10x1.25,10,1.25,fine
M10x1.12,10,1.12,fine
M10x1,10,1,fine
M10x0.75,10,0.75,fine
M10x0.5,10,0.5,fine
M11x1.5,11,1.5,unlabelled
M11x1,11,1,unlabelled
M11x0.75,11,0.75,unlabelled
M11x0.5,11,0.5,unlabelled
M12,12,1.75,coarse
M12x1.75,12,1.75,coarse
M12x1.5,12,1.5,fine
M12x1.25,12,1.25,fine
M12x1,12,1,fine
M12x0.75,12,0.75,fine
M12x0.5,12,0.5,fine
M14,14,2,coarse
M14x2,14,2,coarse
M14x1.5,14,1.5,fine
M14x1.25,14,1.25,fine
M14x1,14,1,fine
M14x0.75,14,0.75,fine
M14x0.5,14,0.5,fine
M15x1.5,15,1.5,unlabelled
M15x1,15,1,unlabelled
M16,16,2,coarse
M16x2,16,2,coarse
M16x1.6,16,1.6,fine
M16x1.5,16,1.5,fine
M16x1.25,16,1.25,fine
M16x1,16,1,fine
M16x0.75,16,0.75,fine
M16x0.5,16,0.5,fine
M17x1.5,17,1.5,unlabelled
M17x1,17,1,unlabelled
M18,18,2.5,coarse
M18x2.5,18,2.5,coarse
M18x2,18,2,fine
M18x1.5,18,1.5,fine
M18x1.25,18,1.25,fine
M18x1,18,1,fine
M18x0.75,18,0.75,fine
M18x0.5,18,0.5,fine
M20,20,2.5,coarse
M20x2.5,20,2.5,coarse
M20x2,20,2,fine
M20x1.5,20,1.5,fine
M20x1,20,1,fine
M20x0.75,20,0.75,fine
M20x0.5,20,0.5,fine
M22x3,22,3,fine
M22,22,2.5,coarse
M22x2.5,22,2.5,coarse
M22x2,22,2,fine
M22x1.5,22,1.5,fine
M22x1,22,1,fine
M22x0.75,22,0.75,fine
M22x0.5,22,0.5,fine
M24,24,3,coarse
M24x3,24,3,coarse
M24x2.5,24,2.5,fine
M24x2,24,2,fine
M24x1.5,24,1.5,fine
M24x1,24,1,fine
M24x0.75,24,0.75,fine
M25x2,25,2,unlabelled
M25x1.5,25,1.5,unlabelled
M25x1,25,1,unlabelled
M26x1.5,26,1.5,unlabelled
M27,27,3,coarse
M27x3,27,3,coarse
M27x2,27,2,fine
M27x1.5,27,1.5,fine
M27x1,27,1,fine
M27x0.75,27,0.75,fine
M28x2,28,2,unlabelled
M28x1.5,28,1.5,unlabelled
M28x1,28,1,unlabelled
M30,30,3.5,coarse
M30x3.5,30,3.5,coarse
M30x3,30,3,fine
M30x2.5,30,2.5,fine
M30x2,30,2,fine
M30x1.5,30,1.5,fine
M30x1,30,1,fine
M30x0.75,30,0.75,fine
M32x2,32,2,unlabelled
M32x1.5,32,1.5,unlabelled
M33,33,3.5,coarse
M33x3.5,33,3.5,coarse
M33x3,33,3,fine
M33x2,33,2,fine
M33x1.5,33,1.5,fine
M33x1,33,1,fine
M33x0.75,33,0.75,fine
M35x1.5,35,1.5,unlabelled
M36,36,4,coarse
M36x4,36,4,coarse
M36x3,36,3,fine
M36x2,36,2,fine
M36x1.5,36,1.5,fine
M36x1,36,1,fine
M38x1.5,38,1.5,unlabelled
M39,39,4,coarse
M39x4,39,4,coarse
M39x3,39,3,fine
M39x2,39,2,fine
M39x1.5,39,1.5,fine
M39x1,39,1,fine
M40x3,40,3,unlabelled
M40x2.5,40,2.5,unlabelled
M40x2,40,2,unlabelled
M40x1.5,40,1.5,unlabelled
M42,42,4.5,coarse
M42x4.5,42,4.5,coarse
M42x4,42,4,fine
M42x3,42,3,fine
M42x2,42,2,fine
M42x1.5,42,1.5,fine
M42x1,42,1,fine
M45,45,4.5,coarse
M45x4.5,45,4.5,coarse
M45x4,45,4,fine
M45x3,45,3,fine
M45x2,45,2,fine
M45x1.5,45,1.5,fine
M45x1,45,1,fine
M48,48,5,coarse
M48x5,48,5,coarse
M48x4,48,4,fine
M48x3,48,3,fine
M48x2,48,2,fine
M48x1.5,48,1.5,fine
M50x4,50,4,unlabelled
M50x3,50,3,unlabelled
M50x2,50,2,unlabelled
M50x1.5,50,1.5,unlabelled
M52,52,5,coarse
M52x5,52,5,coarse
M52x4,52,4,fine
M52x3,52,3,fine
M52x2,52,2,fine
M52x1.5,52,1.5,fine
M55x4,55,4,unlabelled
M55x3,55,3,unlabelled
M55x2,55,2,unlabelled
M55x1.5,55,1.5,unlabelled
M56,56,5.5,coarse
M56x5.5,56,5.5,coarse
M56x4,56,4,fine
M56x3,56,3,fine
M56x2,56,2,fine
M56x1.5,56,1.5,fine
M56x1,56,1,fine
M58x4,58,4,unlabelled
M58x3,58,3,unlabelled
M58x2,58,2,unlabelled
M58x1.5,58,1.5,unlabelled
M60,60,5.5,coarse
M60x5.5,60,5.5,coarse
M60x4,60,4,fine
M60x3,60,3,fine
M60x2,60,2,fine
M60x1.5,60,1.5,fine
M60x1,60,1,fine
M62x4,62,4,unlabelled
M62x3,62,3,unlabelled
M62x2,62,2,unlabelled
M62x1.5,62,1.5,unlabelled
M63x1.5,63,1.5,unlabelled
M64,64,6,coarse
M64x6,64,6,coarse
M64x5.5,64,5.5,fine
M64x4,64,4,fine
M64x3,64,3,fine
M64x2,64,2,fine
M64x1.5,64,1.5,fine
M64x1,64,1,fine
M65x4,65,4,unlabelled
M65x3,65,3,unlabelled
M65x2,65,2,unlabelled
M65x1.5,65,1.5,unlabelled
M68x6,68,6,unlabelled
M68x4,68,4,unlabelled
M68x3,68,3,unlabelled
M68x2,68,2,unlabelled
M68x1.5,68,1.5,unlabelled
M68x1,68,1,unlabelled
M70x6,70,6,unlabelled
M70x4,70,4,unlabelled
M70x3,70,3,unlabelled
M70x2,70,2,unlabelled
M70x1.5,70,1.5,unlabelled
M72x6,72,6,unlabelled
M72x4,72,4,unlabelled
M72x3,72,3,unlabelled
M72x2,72,2,unlabelled
M72x1.5,72,1.5,unlabelled
M72x1,72,1,unlabelled
M75x6,75,6,unlabelled
M75x4,75,4,unlabelled
M75x3,75,3,unlabelled
M75x2,75,2,unlabelled
M75x1.5,75,1.5,unlabelled
M76x6,76,6,unlabelled
M76x4,76,4,unlabelled
M76x3,76,3,unlabelled
M76x2,76,2,unlabelled
M76x1.5,76,1.5,unlabelled
M76x1,76,1,unlabelled
M78x2,78,2,unlabelled
M80x6,80,6,unlabelled
M80x4,80,4,unlabelled
M80x3,80,3,unlabelled
M80x2,80,2,unlabelled
M80x1.5,80,1.5,unlabelled
M80x1,80,1,unlabelled
M82x2,82,2,unlabelled
M85x6,85,6,unlabelled
M85x4,85,4,unlabelled
M85x3,85,3,unlabelled
M85x2,85,2,unlabelled
M85x1.5,85,1.5,unlabelled
M90x6,90,6,unlabelled
M90x4,90,4,unlabelled
M90x3,90,3,unlabelled
M90x2,90,2,unlabelled
M90x1.5,90,1.5,unlabelled
M95x6,95,6,unlabelled
M95x4,95,4,unlabelled
M95x3,95,3,unlabelled
M95x2,95,2,unlabelled
M95x1.5,95,1.5,unlabelled
M100x6,100,6,unlabelled
M100x4,100,4,unlabelled
M100x3,100,3,unlabelled
M100x2,100,2,unlabelled
M100x1.5,100,1.5,unlabelled
M105x6,105,6,unlabelled
M105x4,105,4,unlabelled
M105x3,105,3,unlabelled
M105x2,105,2,unlabelled
M105x1.5,105,1.5,unlabelled
M110x6,110,6,unlabelled
M110x4,110,4,unlabelled
M110x3,110,3,unlabelled
M110x2,110,2,unlabelled
M110x1.5,110,1.5,unlabelled
M115x6,115,6,unlabelled
M115x4,115,4,unlabelled
M115x3,115,3,unlabelled
M115x2,115,2,unlabelled
M115x1.5,115,1.5,unlabelled
M120x6,120,6,unlabelled
M120x4,120,4,unlabelled
M120x3,120,3,unlabelled
M120x2,120,2,unlabelled
M120x1.5,120,1.5,unlabelled
M125x8,125,8,unlabelled
M125x6,125,6,unlabelled
M125x4,125,4,unlabelled
M125x3,125,3,unlabelled
M125x2,125,2,unlabelled
M125x1.5,125,1.5,unlabelled
M130x8,130,8,unlabelled
M130x6,130,6,unlabelled
M130x4,130,4,unlabelled
M130x3,130,3,unlabelled
M130x2,130,2,unlabelled
M130x1.5,130,1.5,unlabelled
M135x6,135,6,unlabelled
M135x4,135,4,unlabelled
M135x3,135,3,unlabelled
M135x2,135,2,unlabelled
M135x1.5,135,1.5,unlabelled
M140x8,140,8,unlabelled
M140x6,140,6,unlabelled
M140x4,140,4,unlabelled
M140x3,140,3,unlabelled
M140x2,140,2,unlabelled
M140x1.5,140,1.5,unlabelled
M145x6,145,6,unlabelled
M145x4,145,4,unlabelled
M145x3,145,3,unlabelled
M145x2,145,2,unlabelled
M145x1.5,145,1.5,unlabelled
M150x8,150,8,unlabelled
M150x6,150,6,unlabelled
M150x4,150,4,unlabelled
M150x3,150,3,unlabelled
M150x2,150,2,unlabelled
M150x1.5,150,1.5,unlabelled
M155x6,155,6,unlabelled
M155x4,155,4,unlabelled
M155x3,155,3,unlabelled
M155x2,155,2,unlabelled
M160x8,160,8,unlabelled
M160x6,160,6,unlabelled
M160x4,160,4,unlabelled
M160x3,160,3,unlabelled
M160x2,160,2,unlabelled
M165x6,165,6,unlabelled
M165x4,165,4,unlabelled
M165x3,165,3,unlabelled
M165x2,165,2,unlabelled
M170x8,170,8,unlabelled
M170x6,170,6,unlabelled
M170x4,170,4,unlabelled
M170x3,170,3,unlabelled
M170x2,170,2,unlabelled
M175x6,175,6,unlabelled
M175x4,175,4,unlabelled
M175x3,175,3,unlabelled
M175x2,175,2,unlabelled
M180x8,180,8,unlabelled
M180x6,180,6,unlabelled
M180x4,180,4,unlabelled
M180x3,180,3,unlabelled
M180x2,180,2,unlabelled
M185x6,185,6,unlabelled
M185x4,185,4,unlabelled
M185x3,185,3,unlabelled
M185x2,185,2,unlabelled
M190x8,190,8,unlabelled
M190x6,190,6,unlabelled
M190x4,190,4,unlabelled
M190x3,190,3,unlabelled
M190x2,190,2,unlabelled
M195x6,195,6,unlabelled
M195x4,195,4,unlabelled
M195x3,195,3,unlabelled
M195x2,195,2,unlabelled
M200x8,200,8,unlabelled
M200x6,200,6,unlabelled
M200x4,200,4,unlabelled
M200x3,200,3,unlabelled
M200x2,200,2,unlabelled
M205x6,205,6,unlabelled
M205x4,205,4,unlabelled
M205x3,205,3,unlabelled
M205x2,205,2,unlabelled
M210x8,210,8,unlabelled
M210x6,210,6,unlabelled
M210x4,210,4,unlabelled
M210x3,210,3,unlabelled
M210x2,210,2,unlabelled
M215x6,215,6,unlabelled
M215x4,215,4,unlabelled
M215x3,215,3,unlabelled
M220x8,220,8,unlabelled
M220x6,220,6,unlabelled
M220x4,220,4,unlabelled
M220x3,220,3,unlabelled
M220x2,220,2,unlabelled
M225x6,225,6,unlabelled
M225x4,225,4,unlabelled
M225x3,225,3,unlabelled
M225x2,225,2,unlabelled
M230x6,230,6,unlabelled
M230x4,230,4,unlabelled
M230x3,230,3,unlabelled
M230x2,230,2,unlabelled
M235x6,235,6,unlabelled
M235x4,235,4,unlabelled
M235x3,235,3,unlabelled
M240x8,240,8,unlabelled
M240x6,240,6,unlabelled
M240x4,240,4,unlabelled
M240x3,240,3,unlabelled
M240x2,240,2,unlabelled
M245x6,245,6,unlabelled
M245x4,245,4,unlabelled
M245x3,245,3,unlabelled
M245x2,245,2,unlabelled
M250x8,250,8,unlabelled
M250x6,250,6,unlabelled
M250x4,250,4,unlabelled
M250x3,250,3,unlabelled
M250x2,250,2,unlabelled
M255x6,255,6,unlabelled
M255x4,255,4,unlabelled
M255x3,255,3,unlabelled
M260x8,260,8,unlabelled
M260x6,260,6,unlabelled
M260x4,260,4,unlabelled
M260x3,260,3,unlabelled
M265x6,265,6,unlabelled
M265x4,265,4,unlabelled
M265x3,265,3,unlabelled
M270x6,270,6,unlabelled
M270x4,270,4,unlabelled
M270x3,270,3,unlabelled
M275x6,275,6,unlabelled
M275x4,275,4,unlabelled
M275x3,275,3,unlabelled
M280x8,280,8,unlabelled
M280x6,280,6,unlabelled
M280x4,280,4,unlabelled
M280x3,280,3,unlabelled
M285x6,285,6,unlabelled
M285x4,285,4,unlabelled
M285x3,285,3,unlabelled
M290x6,290,6,unlabelled
M290x4,290,4,unlabelled
M290x3,290,3,unlabelled
M295x6,295,6,unlabelled
M295x4,295,4,unlabelled
M295x3,295,3,unlabelled
M300x8,300,8,unlabelled
M300x6,300,6,unlabelled
M300x4,300,4,unlabelled
M300x3,300,3,unlabelled
M310x6,310,6,unlabelled
M310x4,310,4,unlabelled
M320x6,320,6,unlabelled
M320x4,320,4,unlabelled
M330x6,330,6,unlabelled
M330x4,330,4,unlabelled
M340x6,340,6,unlabelled
M340x4,340,4,unlabelled
M350x6,350,6,unlabelled
M350x4,350,4,unlabelled
M360x6,360,6,unlabelled
M360x4,360,4,unlabelled
M370x6,370,6,unlabelled
M370x4,370,4,unlabelled
M380x6,380,6,unlabelled
M380x4,380,4,unlabelled
M390x6,390,6,unlabelled
M390x4,390,4,unlabelled
M400x6,400,6,unlabelled
M400x4,400,4,unlabelled
M410x6,410,6,unlabelled
M420x6,420,6,unlabelled
M430x6,430,6,unlabelled
M440x6,440,6,unlabelled
M450x6,450,6,unlabelled
M460x6,460,6,unlabelled
M470x6,470,6,unlabelled
M480x6,480,6,unlabelled
M490x6,490,6,unlabelled
M500x6,500,6,unlabelled
M510x6,510,6,unlabelled
M520x6,520,6,unlabelled
M530x6,530,6,unlabelled
M540x6,540,6,unlabelled
M550x6,550,6,unlabelled
M560x6,560,6,unlabelled
M570x6,570,6,unlabelled
M580x6,580,6,unlabelled
M590x6,590,6,unlabelled
M600x6,600,6,unlabelled
